row_number,first_name,last_name,country,age,gender
1,Rachel,Johnson,SWE,27,male
2,Tammy,Austin,ROU,22,male
3,Angela,Willis,CYP,21,female
4,John,Russo,GRC,24,female
5,Kayla,Kline,FRA,27,male
6,Jamie,Bryant,LTU,29,male
7,Teresa,Price,HRV,23,male
8,Michael,Bridges,SVN,27,male
9,Jesse,Robinson,ROU,26,male
10,Carla,Atkins,LVA,21,male
11,Ricardo,Campbell,FRA,21,male
12,Anne,Thompson,PRT,24,male
13,Jessica,Lane,SVN,28,male
14,Dana,Williams,ROU,21,male
15,Daniel,Barrett,NLD,23,female
16,Jared,Jones,AUT,29,male
17,Kevin,Valdez,HRV,27,male
18,Carolyn,Phillips,ROU,25,male
19,April,Thompson,DEU,25,male
20,Kevin,Case,GRC,28,male
21,Ryan,Rose,DEU,29,female
22,Kevin,Booth,FIN,23,female
23,Frederick,Silva,ESP,24,male
24,Craig,Burke,DEU,24,male
25,Terry,Lewis,LUX,27,male
26,Lisa,Watson,DEU,23,female
27,David,Ortiz,AUT,21,male
28,Donald,Snyder,DNK,24,male
29,Jason,Santiago,POL,21,female
30,Nicole,Scott,ROU,22,male
31,Ashley,Anderson,FIN,22,male
32,Samantha,Lindsey,CZE,21,male
33,Megan,Morris,LTU,26,male
34,Christine,Olson,SWE,29,male
35,Brandi,Chung,BEL,27,male
36,Jacqueline,Walker,FRA,22,male
37,Christopher,Estrada,SVK,28,male
38,Jacqueline,Rodriguez,ITA,21,male
39,David,Richardson,CYP,24,female
40,Bradley,Beck,CZE,21,male
41,Katherine,Anderson,NLD,23,male
42,Karen,Coleman,CZE,29,male
43,Barbara,Krueger,HRV,26,male
44,Barbara,Hill,MLT,28,female
45,Robyn,Moody,HRV,27,male
46,Glenn,Morales,ESP,28,male
47,Stephen,Brown,CYP,29,male
48,Lindsey,Cole,DEU,26,male
49,Albert,Smith,SWE,29,male
50,Ricardo,Clark,GRC,29,male
51,Kristen,Ford,DNK,25,male
52,Stacy,Webb,LUX,22,male
53,Nathan,Williams,MLT,27,male
54,Melissa,Jensen,POL,21,male
55,Anita,Morrow,MLT,28,male
56,Melissa,Mendez,DEU,22,male
57,Rebecca,Martin,ITA,25,male
58,Gregory,Stout,LVA,26,male
59,Angela,Scott,FRA,28,male
60,Sarah,Thompson,MLT,27,male
61,Donna,Preston,EST,23,female
62,Rodney,Lawson,LUX,22,male
63,Abigail,Yates,MLT,24,male
64,Patrick,Harris,SVN,23,male
65,Adrienne,Turner,CYP,22,male
66,Kelsey,Hoffman,ROU,27,male
67,Jeremy,Melendez,EST,28,female
68,Stefanie,Mccoy,SWE,24,male
69,David,Nguyen,AUT,21,male
70,Justin,Hampton,CYP,27,female
71,Gary,Simpson,BGR,24,male
72,Tina,Martin,ROU,28,female
73,Lisa,Turner,FIN,24,male
74,Frank,Fox,DNK,25,female
75,Jerome,Cordova,SVK,21,female
76,Kathleen,Howard,SVN,24,male
77,Angelica,Bowman,PRT,24,male
78,Michael,Figueroa,ROU,24,male
79,Cynthia,Bailey,LVA,22,male
80,Alex,Carney,CZE,21,male
81,Charles,Murray,GRC,28,female
82,Alexandria,Nicholson,HUN,25,female
83,Kimberly,Johnson,IRL,26,female
84,Paul,Reynolds,AUT,24,male
85,Gary,Robinson,CYP,23,male
86,Courtney,Gonzalez,BGR,26,male
87,Tammy,Nelson,POL,24,male
88,Wesley,Baxter,POL,29,male
89,Annette,Brown,IRL,27,male
90,Gary,Blackwell,HUN,25,male
91,Jody,Ruiz,POL,22,male
92,Susan,Matthews,FIN,23,male
93,Rachel,Wright,IRL,24,male
94,Carlos,Aguilar,POL,24,male
95,Bruce,Rivas,AUT,24,male
96,Heather,Graham,HUN,21,male
97,David,Joseph,SWE,27,male
98,Sheila,Nguyen,ITA,23,male
99,Larry,Wall,POL,29,female
100,Donna,Phillips,ITA,27,male
101,Victor,Dalton,LUX,23,female
102,Joshua,Miller,NLD,28,male
103,Douglas,Richardson,POL,25,male
104,Daniel,Murphy,GRC,29,male
105,Breanna,Hardy,SVN,25,male
106,Christopher,Odonnell,HUN,29,male
107,Molly,Foley,SVK,28,male
108,Michael,Franco,HRV,28,female
109,Kenneth,Carter,EST,22,male
110,Blake,Hammond,POL,24,male
111,Julie,Miller,LTU,27,male
112,Tamara,Townsend,ROU,26,male
113,Victor,Thomas,HUN,22,female
114,Chad,Silva,LTU,22,male
115,Theresa,Lee,BEL,24,male
116,Tiffany,Henry,AUT,27,male
117,Tyler,Clayton,PRT,28,female
118,Anthony,Decker,SVK,22,female
119,Karen,Pierce,ESP,29,male
120,John,Giles,LVA,29,male
121,Steven,Richards,SVK,25,male
122,Keith,King,HUN,23,male
123,Reginald,Brown,EST,25,male
124,Emily,Wilkinson,SWE,25,female
125,Matthew,Long,FIN,22,male
126,Joy,Gomez,ROU,23,male
127,Joseph,Jenkins,HRV,27,male
128,Alyssa,Garcia,AUT,21,female
129,Misty,Weaver,ROU,27,male
130,Crystal,Smith,LTU,21,male
131,Cody,Castaneda,DNK,25,male
132,Melanie,Henderson,GRC,23,female
133,Debbie,Thomas,LTU,26,male
134,Mary,Nolan,IRL,21,female
135,Stephanie,Guzman,FRA,26,male
136,Isabel,Branch,ROU,21,female
137,Deanna,Mann,LVA,28,male
138,Victoria,Guzman,POL,26,female
139,Sally,Norris,GRC,28,male
140,Jennifer,Durham,BGR,24,male
141,Chad,Thompson,NLD,22,male
142,Jermaine,Rodriguez,CYP,21,female
143,Angela,Parsons,SVN,26,male
144,Matthew,Smith,ESP,28,male
145,Ricky,Hess,IRL,29,female
146,Robert,Faulkner,LVA,28,female
147,Anthony,Vang,FRA,28,female
148,Kayla,Jordan,CZE,29,male
149,Carla,Green,NLD,28,male
150,Crystal,Rodriguez,LUX,26,male
151,Claudia,Butler,CYP,26,male
152,Angela,Anderson,LTU,22,male
153,Kiara,Schneider,BEL,23,female
154,Patrick,Rich,BGR,22,male
155,Kristen,Rice,EST,22,male
156,Cindy,Gray,GRC,28,male
157,Loretta,Hendricks,FRA,26,female
158,Kathy,Kim,FIN,23,male
159,Kevin,Tran,CZE,24,male
160,Chris,Baldwin,ITA,29,male
161,Rebecca,Bauer,BEL,29,male
162,Nathan,Johnson,EST,23,male
163,Nicholas,Ramsey,DNK,26,male
164,William,Jackson,AUT,22,male
165,Lisa,Gallegos,DNK,27,female
166,Colin,Lester,AUT,27,male
167,Kristin,Harrell,ROU,21,female
168,Megan,Baker,BGR,28,female
169,Michelle,Bell,DNK,27,male
170,Amanda,Shaw,FRA,24,male
171,Richard,Conway,DNK,26,male
172,Julie,Powers,CZE,27,female
173,Sylvia,Harris,LUX,28,male
174,Seth,Lester,LTU,29,male
175,Joshua,Thomas,HUN,28,male
176,Mark,Green,BEL,27,male
177,Hannah,Calderon,ITA,27,male
178,Kaitlyn,Bauer,ESP,27,male
179,Carol,Graves,CYP,23,male
180,Victor,Parker,LTU,27,male
181,Carl,Lewis,BEL,21,male
182,Samantha,Stevenson,SVN,21,male
183,Steven,Burgess,HRV,22,male
184,Larry,Shepherd,IRL,22,male
185,Elizabeth,Brewer,LUX,25,male
186,Amanda,Smith,AUT,21,male
187,John,Hernandez,HUN,24,male
188,Alexandra,Thompson,NLD,21,female
189,Ryan,Lee,POL,24,male
190,Cheryl,Baker,HUN,29,male
191,Michele,Mcconnell,FRA,27,female
192,Justin,Perez,BEL,29,male
193,David,Ruiz,CYP,24,male
194,William,Yu,FRA,29,male
195,April,Miller,ESP,26,male
196,Cassandra,Wall,HUN,27,male
197,Laura,Chung,DNK,23,male
198,Heather,Stein,HUN,27,female
199,Zachary,Contreras,LTU,23,male
200,Chelsea,Crane,LUX,27,male
201,Susan,Garcia,SWE,29,male
202,Katie,Sanders,GRC,24,female
203,Danny,Murphy,SVN,22,male
204,Cameron,Alvarez,ITA,28,female
205,Stephanie,Black,BGR,24,male
206,Christopher,Brown,MLT,24,male
207,Kelly,Barnes,CYP,23,male
208,Aaron,Jackson,LVA,23,male
209,Paul,Mendez,SVN,23,male
210,Vanessa,Gonzales,ITA,29,male
211,Lisa,Salazar,LUX,27,male
212,Timothy,Estrada,ESP,29,male
213,Craig,Elliott,SVN,25,male
214,Patrick,Lyons,BEL,23,male
215,Anthony,Nixon,FIN,21,male
216,Jordan,Schmidt,GRC,29,male
217,Jeffrey,Howard,HRV,21,male
218,James,Gutierrez,GRC,28,female
219,Brandon,White,CZE,21,male
220,Nicolas,Lambert,FIN,21,male
221,Cheryl,Henderson,HRV,23,female
222,Jeremiah,Lynch,SVK,22,male
223,Jessica,Craig,LVA,29,female
224,Crystal,Webb,PRT,29,female
225,Jeremiah,Gilmore,LUX,27,female
226,Nicholas,Johnson,NLD,21,male
227,Patrick,Williams,SVN,24,female
228,William,Garner,LTU,27,male
229,Nathan,Calderon,SVN,24,male
230,Matthew,Smith,SVN,24,male
231,Raymond,Williams,NLD,28,female
232,Patricia,Miller,LTU,27,male
233,Connie,Butler,DNK,23,male
234,Kelsey,Townsend,POL,23,male
235,Brenda,Gray,NLD,24,male
236,Patricia,Petty,EST,28,male
237,Tracy,Hernandez,NLD,27,male
238,Monica,Adams,HRV,26,male
239,Thomas,Harper,CYP,23,female
240,Erica,Wheeler,LTU,22,male
241,Megan,Phelps,CYP,22,female
242,Brian,Tate,LUX,28,male
243,Connor,Compton,FIN,29,male
244,Melissa,Wright,CZE,22,male
245,Michael,Ray,NLD,24,female
246,Angie,Robinson,SWE,28,female
247,Brittney,Shannon,FIN,28,male
248,Brandon,Bryan,SVK,29,female
249,Nicole,Alexander,CYP,22,male
250,Michael,House,IRL,26,male
251,Vincent,Smith,POL,25,male
252,Aaron,Huber,POL,23,male
253,Christopher,Zuniga,FRA,21,male
254,Heather,Pham,SVK,27,male
255,Crystal,Hansen,CZE,28,male
256,Steven,Anderson,AUT,23,male
257,James,Taylor,ESP,26,male
258,Christopher,Cook,LUX,27,male
259,Marilyn,Reynolds,POL,29,male
260,Tammie,Jones,SVN,27,male
261,Phillip,Hines,NLD,26,female
262,Linda,Ramos,POL,21,female
263,Dustin,Buck,NLD,26,male
264,James,Roberts,PRT,27,male
265,Lisa,Morales,BGR,22,male
266,Beverly,Mccormick,SWE,24,male
267,Kellie,Green,SVK,24,male
268,Colin,Russell,CYP,22,male
269,Cathy,Miller,ROU,28,male
270,Pamela,Espinoza,SVK,22,male
271,Sarah,Wright,LVA,24,female
272,Sharon,Chapman,LTU,27,male
273,Michael,Morgan,SVK,22,male
274,Amber,Green,NLD,23,female
275,Scott,Mckenzie,MLT,29,female
276,Charlene,Walsh,ITA,29,male
277,Eric,Armstrong,DNK,26,female
278,Chad,Smith,CYP,27,female
279,Ashley,Charles,POL,21,male
280,Richard,Brooks,BGR,24,male
281,Matthew,Wright,SVN,28,male
282,Caitlin,Rodriguez,AUT,23,male
283,Jasmine,Lopez,AUT,22,male
284,Alan,Moore,CZE,25,male
285,Julie,Galvan,ESP,27,female
286,Robert,Daniels,NLD,22,male
287,Matthew,Nicholson,ESP,28,male
288,Jacqueline,Alvarado,FIN,22,male
289,Kathy,Sharp,PRT,26,male
290,Holly,Myers,BEL,29,male
291,Amanda,Shaw,POL,27,male
292,William,Clark,LTU,23,female
293,Deborah,Hawkins,EST,23,male
294,Ashley,Wagner,BEL,24,male
295,Michael,Harris,BGR,23,male
296,Samuel,Glover,GRC,21,male
297,Ryan,Wilkins,CZE,29,male
298,Jacob,Hawkins,CYP,24,male
299,John,Bennett,HUN,24,male
300,David,Rivera,BGR,25,male
301,Michael,Kelly,GRC,24,male
302,Willie,Moore,CYP,28,male
303,John,Smith,HRV,24,male
304,Brittney,Brown,MLT,27,male
305,Mark,Bridges,MLT,28,male
306,James,Evans,DNK,25,male
307,Brent,Fowler,LVA,24,female
308,Thomas,Reed,FIN,25,male
309,Maxwell,White,ROU,22,female
310,Julie,Lowery,GRC,26,female
311,Lisa,Avila,CYP,21,male
312,Kirk,Lee,CZE,25,male
313,Austin,Watson,SWE,21,female
314,Diana,Parsons,GRC,24,male
315,Brandon,Williams,LTU,25,male
316,Mark,Day,CZE,22,female
317,Susan,Hernandez,LTU,25,male
318,Rebecca,Molina,SVN,21,male
319,Kristina,Henry,ROU,28,male
320,James,Lopez,ESP,21,male
321,Aaron,Shaffer,PRT,27,male
322,Douglas,Todd,BGR,26,male
323,Sabrina,Nichols,BEL,27,male
324,Christine,Henderson,PRT,25,male
325,Andrea,Petersen,SWE,22,male
326,Sarah,Black,MLT,27,male
327,Evan,Jones,HUN,21,male
328,Amanda,Allen,IRL,26,male
329,Matthew,Davis,ESP,24,male
330,Jamie,Blanchard,IRL,29,male
331,Katherine,Padilla,SVK,28,male
332,John,Hall,ROU,28,female
333,Donald,Miranda,LVA,21,male
334,Robert,Kelly,AUT,23,male
335,Jeffrey,Collins,CYP,26,female
336,Kimberly,Wells,ITA,25,male
337,Julie,Daniels,IRL,22,male
338,Paul,Lawson,CZE,26,male
339,Brandon,Bridges,HRV,25,female
340,Brent,Johns,SWE,22,male
341,Ashley,Robinson,CYP,28,female
342,Erica,Bryant,LUX,24,male
343,Brian,Jordan,NLD,29,male
344,Kendra,Estrada,HRV,29,female
345,Austin,Schneider,AUT,28,female
346,Eddie,Mullen,ITA,29,male
347,Michael,Keller,BGR,22,female
348,Robert,Davis,SVN,29,female
349,Matthew,Blackwell,ROU,28,male
350,Donna,Nielsen,CYP,22,male
351,James,Garrison,AUT,21,male
352,Richard,Cunningham,ROU,28,male
353,Brenda,Garcia,LUX,23,male
354,Bryan,Fowler,GRC,21,female
355,Rachel,Stein,LTU,22,male
356,Melinda,Welch,IRL,29,male
357,Raymond,Nguyen,GRC,26,male
358,Jennifer,Wilson,AUT,28,male
359,Brian,Foster,BGR,25,male
360,Kimberly,Norris,FRA,21,male
361,Nancy,Woods,AUT,29,male
362,Tara,Gutierrez,SWE,25,male
363,Gina,Clark,LTU,23,female
364,Stanley,Warren,MLT,25,female
365,John,Fields,PRT,21,female
366,Judy,Ramirez,EST,23,male
367,Shawn,Schultz,ESP,26,female
368,Cindy,Conrad,LVA,23,female
369,Tiffany,Hudson,PRT,27,female
370,Jessica,Hawkins,ESP,29,male
371,Erin,Jefferson,GRC,29,male
372,Sean,Rogers,SWE,26,male
373,Douglas,Richardson,LVA,23,male
374,Wayne,Hudson,HRV,27,female
375,Joe,Mitchell,LVA,29,male
376,Diamond,Schultz,IRL,21,male
377,Tammy,Scott,ITA,24,male
378,James,Sullivan,DEU,29,female
379,Phillip,Burton,HRV,28,male
380,Dennis,Russell,LVA,29,male
381,Sara,Martin,ESP,21,male
382,Cory,Hodge,ESP,27,female
383,David,Parsons,FRA,27,female
384,Kristin,Flores,POL,29,male
385,Curtis,Richards,IRL,22,female
386,Joseph,Fox,ROU,25,male
387,Jeffrey,Adams,IRL,28,male
388,Steven,Phillips,MLT,23,male
389,Regina,Pierce,SWE,27,male
390,Linda,Hodge,ROU,25,male
391,Don,Garner,AUT,24,male
392,Kayla,Jones,ROU,27,female
393,Michael,Washington,SWE,22,male
394,Kevin,Coleman,PRT,27,female
395,Gary,Johnson,SWE,26,female
396,Tracey,Smith,CZE,25,male
397,Denise,Ferrell,NLD,25,female
398,Olivia,Jackson,MLT,27,male
399,James,Mccormick,PRT,23,male
400,Susan,Jackson,CYP,21,male
401,Gregory,Fox,ITA,23,female
402,Joseph,Adams,MLT,29,male
403,David,Wallace,LVA,24,female
404,Xavier,Dillon,IRL,29,male
405,Misty,Farmer,AUT,29,female
406,Arthur,Phillips,EST,23,male
407,Elizabeth,Clark,BEL,27,male
408,Brittany,Wright,SVK,29,female
409,Sarah,Davis,BEL,28,male
410,Harry,Lopez,GRC,26,male
411,Christopher,Wilson,HUN,23,male
412,Sarah,Garcia,HUN,22,male
413,Deanna,Gomez,EST,29,female
414,Joshua,Moore,MLT,28,male
415,Brian,Campbell,HRV,29,female
416,Carol,Rodgers,BGR,26,male
417,Larry,Henry,ROU,25,female
418,William,Pierce,ITA,23,male
419,Marissa,Gates,POL,26,male
420,James,Jimenez,AUT,23,male
421,James,Howard,HRV,28,male
422,Tyler,Jennings,NLD,22,female
423,Thomas,Morrison,CYP,28,female
424,Cindy,Hensley,EST,23,male
425,James,Copeland,LUX,28,male
426,Marisa,Grant,LVA,27,male
427,Sarah,Robinson,NLD,21,male
428,Eric,Fisher,BEL,23,female
429,Elizabeth,Mccoy,SVK,26,female
430,Rachel,Andrews,HUN,25,male
431,James,Lucas,FIN,28,male
432,Brandon,Rosales,DEU,26,female
433,Sara,Perez,DNK,27,male
434,James,Rogers,PRT,26,male
435,David,Booth,CYP,24,female
436,James,Cooper,EST,25,male
437,Michelle,Miller,DNK,25,male
438,Rodney,Fox,LVA,22,female
439,Jeremy,Dixon,BGR,24,female
440,Bradley,Espinoza,GRC,24,male
441,Christopher,Mann,HRV,27,male
442,Brandon,Stone,MLT,25,male
443,Matthew,Barton,PRT,27,male
444,Mario,Roberson,POL,26,male
445,Brittney,Rangel,LUX,29,male
446,William,Reese,ESP,28,male
447,Robert,Smith,HRV,24,male
448,Jennifer,Hunt,FIN,28,male
449,Jacob,Smith,ROU,25,male
450,Morgan,Montgomery,AUT,23,male
451,Thomas,Smith,GRC,26,male
452,Samuel,Beard,CZE,22,male
453,Charles,Lawson,BGR,29,female
454,Kevin,Jones,FRA,22,male
455,Jessica,Kennedy,HUN,29,male
456,Robert,Hall,AUT,22,male
457,Joseph,Jefferson,ITA,25,female
458,Douglas,Nichols,SVK,23,male
459,Joshua,Patrick,POL,21,female
460,Susan,Brown,BEL,22,male
461,Gregory,Green,ESP,24,male
462,Anne,Mclean,BEL,22,male
463,Amanda,Martin,FIN,29,male
464,Diane,Hamilton,LVA,27,male
465,Sandra,Palmer,BEL,21,male
466,Rhonda,Khan,LTU,29,male
467,Heather,Campbell,SVK,26,male
468,Angela,Dennis,IRL,23,male
469,Jillian,Watson,EST,29,male
470,Lisa,Hall,HUN,27,male
471,Benjamin,Park,ITA,21,male
472,Robin,King,HRV,23,male
473,Jerry,Miller,SVN,24,female
474,Meagan,Harris,DNK,29,male
475,Amanda,King,HUN,23,male
476,Jay,Martin,DNK,22,male
477,Amy,Harris,HUN,23,male
478,Kayla,Taylor,ROU,24,male
479,Nicolas,Reeves,SVK,21,male
480,Tasha,Smith,DNK,23,male
481,Kimberly,Rojas,GRC,26,female
482,Kimberly,Perez,AUT,21,male
483,Stephanie,Ibarra,BGR,22,male
484,Crystal,Johnson,CZE,24,male
485,Teresa,Hernandez,SWE,23,male
486,Antonio,Allen,NLD,23,male
487,Jerome,Dunn,SWE,24,male
488,Julie,Donovan,HUN,25,female
489,Adam,Green,BGR,24,male
490,Michael,Bullock,LUX,25,male
491,Linda,Kramer,LUX,27,male
492,Gregory,Johnson,DEU,26,male
493,Tracey,Brooks,IRL,29,male
494,Brian,Santiago,SVK,22,male
495,Alyssa,Gonzalez,CYP,27,male
496,Brooke,Cooper,BGR,29,male
497,Felicia,Beard,POL,25,male
498,Raymond,Lam,DEU,26,male
499,Amanda,Anderson,FRA,23,male
500,John,Maldonado,PRT,29,male
501,Helen,Rodriguez,ITA,26,male
502,Jennifer,Garcia,SWE,23,female
503,James,Butler,LUX,21,male
504,Elaine,Stephens,LTU,23,male
505,David,Harris,PRT,29,male
506,Sandra,Smith,AUT,26,female
507,Samuel,Wilson,DEU,29,male
508,Russell,Hill,AUT,24,male
509,Steven,Miller,FRA,27,male
510,James,Williams,BGR,26,male
511,Cynthia,Brown,SVK,25,male
512,Aimee,Wallace,LUX,25,male
513,Joseph,Rogers,PRT,28,male
514,Laura,Hughes,IRL,26,male
515,Diane,Hernandez,AUT,28,male
516,Rebecca,Perry,FIN,23,male
517,Kevin,Roberts,PRT,25,male
518,Gloria,Alvarez,HRV,26,male
519,Anthony,Forbes,DNK,21,male
520,Sandy,Lee,CYP,22,male
521,Jennifer,Davis,FRA,24,male
522,Krista,Paul,LTU,29,male
523,Shannon,Salinas,MLT,29,female
524,Stephen,Lindsey,SVN,26,female
525,Cynthia,Phillips,SWE,29,male
526,Lauren,Williams,BEL,25,male
527,Angela,Conway,BEL,27,male
528,Lisa,Knight,LVA,28,female
529,Tanner,Gray,BGR,25,male
530,Michael,Collins,ESP,25,male
531,Loretta,Vaughan,POL,23,female
532,Amber,Owens,CYP,22,female
533,Charles,Short,NLD,23,male
534,Katie,Reed,CZE,21,male
535,Jill,Hernandez,SWE,25,male
536,Brianna,Larson,AUT,28,female
537,Christian,Sandoval,EST,29,male
538,Tiffany,Koch,SWE,27,male
539,Evan,Harrison,DEU,23,male
540,Jerry,Fritz,SWE,27,male
541,Norman,Taylor,FIN,23,male
542,Wayne,Bauer,BEL,22,female
543,Terri,Murphy,AUT,25,male
544,William,Clarke,MLT,28,male
545,Crystal,Graham,FRA,29,male
546,Victor,Sloan,EST,29,male
547,Isabella,Robbins,FRA,22,female
548,Daniel,Ramirez,LUX,23,male
549,Gina,Lopez,LUX,24,male
550,Jason,Lee,LVA,24,male
551,Karen,Porter,LVA,23,male
552,Debra,Johnson,CYP,29,male
553,Mark,Owens,BEL,27,male
554,Christopher,Manning,AUT,23,male
555,Alexander,Schultz,CZE,29,male
556,Kristin,Castillo,POL,21,female
557,Michelle,Freeman,AUT,26,male
558,Rebecca,Sims,IRL,24,male
559,Alexis,Henry,FIN,27,male
560,Jennifer,Johnson,CYP,26,female
561,Karen,Roberts,CZE,23,male
562,Pamela,Johnson,CZE,28,female
563,Jennifer,Taylor,SWE,24,male
564,Emily,Davis,DNK,22,female
565,Margaret,Smith,LTU,23,male
566,Tiffany,Guerrero,GRC,26,male
567,Kimberly,Bender,BEL,23,male
568,Samuel,Simpson,ROU,21,male
569,Barbara,Carey,FRA,27,male
570,Stacey,Smith,MLT,27,male
571,Kimberly,Bailey,LVA,29,male
572,Francis,Flores,HRV,23,male
573,Jon,Brown,NLD,22,male
574,Lisa,Skinner,HRV,26,female
575,Cynthia,Fisher,AUT,26,male
576,William,Bridges,HUN,27,male
577,Nathan,Mendez,HRV,23,male
578,Curtis,Hernandez,DEU,24,male
579,Robin,Johnson,LTU,27,female
580,Joe,Robertson,PRT,28,male
581,David,Hicks,MLT,28,male
582,Terri,Foster,AUT,22,female
583,Jessica,Williams,SVN,22,male
584,Cody,Hayden,CZE,25,male
585,Reginald,Sanchez,HUN,28,male
586,Mark,Lopez,NLD,27,male
587,Lisa,Leon,AUT,29,male
588,Jamie,Smith,CZE,24,male
589,Michael,Hunt,IRL,23,male
590,Michael,Fleming,SVK,26,male
591,John,Long,ROU,26,male
592,Claire,Ramirez,NLD,21,male
593,Colin,Meadows,SWE,28,male
594,Christine,Powers,PRT,25,male
595,Michelle,Robinson,FIN,22,female
596,Joseph,Murillo,LVA,23,male
597,Brent,Cox,IRL,26,male
598,Anne,Green,LUX,27,male
599,Amanda,Bowman,DNK,26,male
600,Charles,Fowler,BGR,21,female
601,Linda,Jones,AUT,22,male
602,Sarah,Rodriguez,FIN,25,male
603,Diana,Gomez,DNK,22,male
604,Rachel,Archer,LTU,25,female
605,James,York,FIN,22,male
606,Jason,Holt,PRT,27,male
607,Mary,Hayes,SVN,27,male
608,Michael,Lowe,IRL,27,male
609,Shawn,Rodriguez,BEL,24,male
610,Eric,Galvan,ROU,23,female
611,Patrick,Bradley,LTU,27,male
612,Laura,Daniel,SWE,26,male
613,Christopher,Harrington,BEL,29,male
614,Meagan,Armstrong,AUT,21,male
615,Robert,Ball,AUT,29,male
616,Jillian,Evans,SVK,27,female
617,Aaron,Parks,FIN,26,male
618,Justin,Wilson,SVN,22,female
619,Gabrielle,Ward,FRA,23,male
620,Grant,Howard,CYP,24,male
621,Martin,Conner,CZE,27,female
622,Matthew,Mccullough,CZE,29,female
623,Andrew,Spencer,BGR,24,male
624,Edward,Brooks,HRV,23,male
625,Roberto,Stewart,HUN,22,male
626,Catherine,Kline,HRV,24,female
627,Emma,Henry,FIN,22,male
628,Jason,Carrillo,EST,27,male
629,Kristen,Hale,POL,29,male
630,Robert,Webb,CZE,24,male
631,Aaron,Haas,LVA,22,male
632,Susan,Garcia,EST,26,male
633,Ronald,Hernandez,PRT,26,female
634,Beth,Juarez,LTU,26,male
635,Angela,Diaz,MLT,29,female
636,John,Mitchell,ESP,29,male
637,John,Daniels,LVA,23,male
638,Laura,Foster,CZE,23,male
639,Dominic,Nelson,IRL,23,male
640,Brian,Wright,LTU,23,male
641,Mary,Wilkerson,MLT,25,female
642,Kristen,Sanchez,HUN,25,female
643,Alison,Johnson,DEU,29,female
644,Kelly,Mills,BEL,26,male
645,Anthony,Watson,EST,25,male
646,Sarah,Andrews,SWE,29,male
647,Martin,Hodges,ESP,26,male
648,Abigail,Watson,PRT,21,male
649,Lisa,Gillespie,FIN,27,female
650,Sierra,Johnston,HUN,29,male
651,George,Williams,SWE,26,male
652,Jennifer,Rose,EST,22,male
653,Joseph,Velasquez,ROU,24,female
654,Antonio,Garcia,CZE,27,female
655,Kelly,Smith,POL,25,female
656,Crystal,Campbell,LTU,27,male
657,Derrick,Williams,SVN,29,male
658,Mitchell,Silva,DEU,26,male
659,William,Palmer,EST,25,female
660,Jason,Jones,DEU,22,male
661,Katherine,Webb,FRA,29,female
662,Chad,White,SVK,28,male
663,Benjamin,Peterson,ROU,23,male
664,John,Moore,POL,26,male
665,Nancy,Wiggins,LTU,28,female
666,Teresa,Weber,ITA,29,male
667,Lynn,Jones,CYP,22,male
668,Ronald,Lloyd,SWE,23,female
669,Theresa,Coleman,SVN,24,male
670,Shannon,Mayer,CYP,21,male
671,Alexander,Beasley,CZE,26,female
672,Tyrone,Johnson,PRT,21,male
673,Anna,Mclaughlin,CYP,28,male
674,Kelly,Harper,HRV,28,male
675,Benjamin,Munoz,SVN,29,female
676,Dennis,Sanchez,ITA,25,male
677,Megan,Davies,ROU,29,male
678,Andrew,Powell,BEL,23,male
679,Beth,Poole,BEL,25,male
680,Stacy,Williams,LUX,25,male
681,Amy,Hammond,IRL,28,male
682,Mario,Abbott,CYP,21,female
683,Melinda,Powers,LTU,25,male
684,Michael,Ward,BGR,28,female
685,Andrew,Harris,PRT,27,female
686,Rachael,Mccarthy,BEL,26,male
687,Jimmy,Bass,AUT,25,female
688,Nathan,Ross,CYP,24,male
689,Julie,Hernandez,SVK,22,male
690,Kevin,Mack,SVK,21,male
691,Sherri,Smith,FRA,28,male
692,Tammy,Morgan,LVA,21,male
693,Tiffany,Barker,LUX,27,male
694,Nathan,Moreno,LTU,29,female
695,Amber,Salazar,NLD,22,female
696,Kristina,Collins,IRL,26,male
697,Amanda,Rubio,PRT,26,female
698,Tyler,Booth,POL,25,male
699,Sarah,Leach,SVN,21,male
700,Christopher,Le,DEU,21,male
701,Kevin,Hawkins,LUX,29,male
702,Danny,Crosby,LTU,23,male
703,Eileen,Cortez,BEL,23,female
704,Melissa,Martinez,FRA,28,male
705,Jacob,Johnson,CZE,24,female
706,Michael,Harrington,LUX,25,male
707,James,Cantu,CZE,24,female
708,Teresa,Miller,SWE,28,male
709,Christopher,Hayes,LTU,29,male
710,Brian,Allen,LUX,21,male
711,Benjamin,Hood,ESP,27,male
712,Thomas,Taylor,LVA,27,male
713,Kristy,Smith,FRA,25,male
714,John,Shepherd,SVK,25,male
715,Benjamin,Adams,CYP,25,male
716,John,Wright,IRL,27,male
717,Kevin,Moyer,POL,22,male
718,Samantha,Grant,AUT,28,female
719,April,Manning,NLD,26,male
720,Tara,Gutierrez,POL,29,male
721,Shirley,Gonzalez,PRT,29,male
722,Nicholas,Mora,IRL,25,male
723,Carol,Wilson,DNK,21,female
724,Katherine,David,NLD,26,male
725,Allen,Nguyen,LVA,26,male
726,Sandra,Hunter,SWE,29,male
727,Ronald,Wang,BGR,26,male
728,Robert,Hines,ROU,21,male
729,Rodney,Jackson,LVA,25,female
730,Martha,Harrington,GRC,23,female
731,Joseph,Dawson,POL,27,male
732,Caleb,Matthews,LTU,25,male
733,Amanda,Goodman,ITA,26,male
734,Gregory,Wright,SVN,28,female
735,Marc,Harris,ITA,22,female
736,Catherine,Patel,ROU,27,male
737,Scott,Hardy,DNK,24,female
738,Monica,Price,AUT,29,male
739,Christina,Smith,SWE,26,male
740,Benjamin,Haynes,POL,28,male
741,Kyle,Garcia,LTU,21,female
742,Thomas,Munoz,IRL,26,male
743,Sheila,Ramirez,POL,26,female
744,Tina,Quinn,BGR,24,male
745,Krystal,Nichols,PRT,26,male
746,Erin,Turner,BGR,29,male
747,Wendy,Norris,ITA,29,male
748,Samantha,Ashley,SVN,25,female
749,Kurt,Johnston,AUT,24,male
750,Ronald,Townsend,SWE,29,female
751,Darlene,Calderon,LUX,29,male
752,Justin,Oneal,LTU,21,male
753,Erin,Dominguez,IRL,28,male
754,Amy,Johnson,MLT,22,male
755,Joseph,Henry,BGR,25,male
756,Judy,Hughes,ESP,27,female
757,Robert,Torres,CYP,26,male
758,Heidi,Drake,SWE,24,male
759,Karen,Jordan,CYP,27,male
760,Jacob,Russo,HUN,22,male
761,Brittany,Perry,LVA,28,female
762,Michael,Wright,AUT,25,female
763,James,Boyd,LTU,21,male
764,Emma,Jennings,AUT,25,male
765,Hector,Davila,GRC,25,female
766,Beth,Riley,HUN,22,male
767,Stacy,Rush,BEL,25,male
768,Bradley,Reynolds,AUT,22,female
769,Deborah,Gibbs,LTU,24,male
770,Brian,Garcia,SVK,25,male
771,David,Schwartz,ITA,29,male
772,Amanda,Jennings,CZE,23,male
773,Anthony,Smith,PRT,24,male
774,Amber,Harris,DNK,27,male
775,Barbara,Henson,POL,27,male
776,Kayla,Howell,ROU,29,female
777,Madison,Campbell,CYP,25,male
778,Kristine,Bridges,DNK,29,male
779,Tanya,Thomas,AUT,28,male
780,William,Johnson,GRC,25,male
781,Lisa,Lee,CYP,27,female
782,Chris,Rodriguez,GRC,25,male
783,James,Knox,SVN,25,male
784,Karen,King,AUT,28,male
785,Hannah,Burton,LTU,21,male
786,Vanessa,Harris,CZE,26,male
787,Mark,Golden,SWE,21,male
788,Alison,Mills,FIN,29,male
789,April,Padilla,HUN,27,male
790,Carrie,Reed,AUT,26,female
791,Kimberly,Ortiz,SVN,26,male
792,Kevin,Charles,MLT,21,female
793,Elizabeth,Kline,BGR,27,male
794,Ricky,Evans,AUT,27,male
795,Shannon,Cunningham,ITA,29,male
796,Carlos,Williams,ROU,26,female
797,Nancy,Johnson,BGR,24,male
798,Brett,Alvarado,LUX,24,female
799,Sarah,Lawrence,CZE,28,male
800,David,Richardson,HRV,24,male
801,Tina,Allen,SVK,21,male
802,Michael,Boone,MLT,26,female
803,James,Vargas,FIN,22,female
804,Karina,Moore,FIN,29,male
805,Jessica,Fitzgerald,ITA,24,male
806,Dennis,Lewis,SWE,23,male
807,Carlos,Garrett,CZE,28,female
808,David,Anderson,FRA,24,female
809,Danielle,Bell,PRT,24,male
810,Jerry,Byrd,LVA,25,male
811,Donald,Perez,CYP,25,male
812,Kathy,Santos,POL,22,male
813,Scott,Mata,AUT,25,male
814,Veronica,Matthews,SVN,28,male
815,Kenneth,Ferguson,GRC,24,male
816,Kimberly,Jackson,ESP,23,male
817,Connie,Prince,SWE,25,male
818,Caitlin,Smith,ESP,23,male
819,Tiffany,Woods,FRA,24,male
820,Maurice,Johnson,SVK,28,male
821,Martha,Carlson,GRC,23,male
822,Isaiah,Arnold,BEL,24,female
823,Alejandra,Poole,FRA,21,male
824,Eduardo,Weber,PRT,23,male
825,Kevin,Johnson,AUT,27,male
826,Bryan,Smith,PRT,28,male
827,James,Cantu,FRA,27,male
828,Nicholas,Richardson,HRV,24,male
829,Andrea,Zuniga,PRT,22,male
830,Justin,Graham,ESP,29,male
831,Rodney,Franklin,NLD,27,male
832,Robert,Hall,BGR,25,male
833,Michael,Jones,CZE,25,male
834,Richard,Hanson,FRA,22,male
835,Tammy,Bell,MLT,23,male
836,Kristin,Bennett,NLD,22,female
837,Allen,Leblanc,LTU,28,male
838,Mary,Hernandez,LUX,29,male
839,Tamara,Smith,SVN,27,female
840,Douglas,Nelson,GRC,21,female
841,Nathan,Kent,SWE,26,male
842,Bonnie,Phillips,PRT,28,male
843,Emily,Johnston,AUT,25,male
844,Meghan,Paul,SVN,29,male
845,Haley,Morris,NLD,22,male
846,Sarah,Avery,SWE,23,female
847,Timothy,Burton,FRA,26,male
848,Thomas,Nelson,DNK,21,male
849,Maria,Anderson,AUT,25,male
850,Jacob,Odonnell,DNK,21,female
851,Leslie,Wallace,SWE,23,male
852,Eric,Franklin,PRT,29,female
853,Jody,Smith,LUX,21,male
854,Amy,Odom,BEL,23,male
855,Tyler,Escobar,SVN,27,male
856,Geoffrey,Walls,PRT,27,male
857,Abigail,Nelson,HUN,28,male
858,Courtney,Walls,DEU,21,male
859,Christopher,Bradley,PRT,22,male
860,Brian,Odonnell,LUX,27,male
861,Peter,Oconnor,HUN,28,male
862,Thomas,Reyes,ITA,26,male
863,Joseph,Dean,SVN,22,male
864,Lisa,Hudson,POL,23,male
865,Yvonne,Good,SVK,22,male
866,Ariel,Ford,IRL,27,male
867,Christopher,Rodriguez,HRV,28,male
868,Juan,Martinez,MLT,28,male
869,Jeffery,Stephens,IRL,24,male
870,Jose,Kelly,SVK,24,male
871,Anthony,Allen,DEU,28,male
872,Blake,Edwards,CZE,28,male
873,Ashley,Bennett,CZE,21,female
874,Crystal,Roth,DEU,29,female
875,Kristen,Gordon,BGR,22,male
876,James,Blackwell,FRA,21,male
877,Duane,Bell,EST,21,male
878,Tina,Kline,IRL,29,male
879,Joel,Reese,GRC,21,male
880,April,Payne,HRV,22,male
881,Kayla,Roth,CYP,25,male
882,Megan,Heath,HUN,26,male
883,Jennifer,Johnson,AUT,25,male
884,Justin,Booth,NLD,22,female
885,Shelby,Jones,HRV,25,male
886,Juan,Wilson,FIN,27,female
887,Melissa,Gross,LTU,26,male
888,Matthew,Barker,SWE,26,male
889,Robert,Cain,DEU,22,male
890,Michael,Mason,IRL,23,male
891,Douglas,Johnson,AUT,23,male
892,Colleen,Davila,SVN,25,male
893,Margaret,Zamora,ITA,27,male
894,Amy,Smith,DEU,22,male
895,Jessica,Adams,ESP,24,female
896,Marco,Daniels,IRL,29,male
897,Hunter,Clarke,SWE,26,male
898,Theresa,Jones,FIN,28,male
899,Cynthia,Crane,SVK,22,male
900,Catherine,Miller,ESP,27,male
901,Amanda,Blake,FIN,25,male
902,Vanessa,Miller,LVA,21,male
903,Michael,Neal,LTU,23,female
904,Natalie,Murray,MLT,26,female
905,Kelly,Duran,HUN,22,female
906,David,Harvey,ROU,26,male
907,Christopher,Duke,EST,26,male
908,Tiffany,Becker,BGR,27,male
909,Brianna,Hoffman,DNK,22,male
910,Jason,Miller,ITA,21,female
911,Brandi,Lee,SVK,22,male
912,Destiny,Young,NLD,26,male
913,Eric,Arroyo,CYP,21,male
914,Ryan,Todd,ROU,22,male
915,Mark,Shepherd,CYP,29,female
916,Anthony,Perez,MLT,24,female
917,Elizabeth,Moore,SWE,24,female
918,Taylor,Larsen,PRT,21,male
919,Tiffany,Bowen,ESP,27,female
920,William,Dunn,HUN,27,male
921,Nicole,Young,PRT,21,male
922,Sarah,Glover,LUX,22,male
923,Jennifer,Thompson,BEL,26,male
924,Matthew,Rangel,ESP,28,male
925,Barbara,Lowe,DNK,28,female
926,Tyler,Meyers,FIN,27,male
927,Ashlee,Stevenson,HRV,28,male
928,Barry,Clark,HRV,29,female
929,Charles,Hudson,POL,24,male
930,Daisy,Bruce,ROU,24,male
931,Bradley,Williams,HRV,21,male
932,Katherine,Williams,MLT,22,female
933,Richard,Moses,SWE,24,male
934,Shelly,Campbell,SVN,22,male
935,Reginald,Mendez,EST,21,male
936,Jennifer,Allen,ITA,26,female
937,Joshua,Vaughan,ROU,21,female
938,Denise,Martin,LTU,21,male
939,Melissa,Hardin,BGR,26,female
940,Thomas,Carney,BEL,23,female
941,Stacy,Jackson,LVA,25,male
942,Miranda,Mitchell,EST,29,male
943,Melissa,Donaldson,HUN,28,male
944,Bethany,Moore,SVK,29,male
945,Victoria,Cook,EST,22,male
946,Natalie,Kerr,FIN,21,male
947,Janet,Booth,EST,28,male
948,Cristina,Moss,GRC,21,male
949,Joshua,Hall,PRT,26,male
950,Maurice,Simpson,NLD,23,male
951,John,Le,IRL,27,male
952,Dawn,Crawford,MLT,27,male
953,James,Hayes,IRL,27,male
954,Rebecca,Moreno,LVA,28,male
955,Timothy,Allen,BGR,22,male
956,Daniel,Sutton,HUN,21,male
957,Michael,Adams,FIN,24,male
958,Wanda,Perkins,SVN,27,male
959,Cathy,Erickson,DNK,25,female
960,Christian,Pham,BGR,24,male
961,Dalton,Ellis,MLT,25,male
962,Leah,Allen,AUT,28,male
963,Jeremy,Stone,AUT,22,male
964,Sherri,Lloyd,BEL,22,female
965,Jeanette,Gonzalez,GRC,29,male
966,Ronald,Erickson,DNK,25,male
967,Michael,Pearson,LUX,26,male
968,Courtney,Harris,DEU,27,male
969,Victor,Jones,FIN,28,female
970,Lauren,Dixon,NLD,26,female
971,Desiree,Simmons,ROU,22,male
972,Brenda,Hansen,SWE,21,male
973,Kathleen,Wilson,ESP,29,female
974,Robert,Bond,ITA,27,male
975,Rhonda,Martin,FIN,22,male
976,Christine,Cox,MLT,24,female
977,Peggy,Carter,SVK,21,male
978,Steve,Walker,POL,24,female
979,Lance,Kelly,CYP,26,female
980,Corey,Anderson,FRA,26,male
981,Elaine,Erickson,DEU,28,female
982,Kathryn,Baker,AUT,23,male
983,Jonathan,Barnett,FIN,25,male
984,Kurt,Johnson,HUN,27,male
985,Kirsten,Garrett,EST,27,male
986,Amanda,Howard,LTU,23,male
987,Thomas,Thompson,LUX,24,male
988,Elizabeth,Berger,ROU,23,male
989,Diane,Martinez,IRL,28,male
990,Cathy,Kelly,MLT,21,male
991,Juan,Martinez,SWE,27,male
992,Jerry,Calhoun,ITA,27,male
993,Raymond,Armstrong,FRA,25,male
994,Rachel,Shelton,AUT,29,male
995,Jesse,Green,SVK,25,male
996,Michael,Ward,AUT,24,male
997,Jose,Simon,NLD,22,male
998,Benjamin,Boyd,BGR,23,male
999,Christopher,Lin,BGR,29,male
1000,Donna,Smith,POL,22,female
1001,Haley,Jones,IRL,27,male
1002,Kimberly,Conner,AUT,28,male
1003,Ryan,Cox,LTU,23,male
1004,Ashley,Mitchell,FRA,22,female
1005,Jeffrey,Robinson,BEL,27,female
1006,Tracy,Ellis,ESP,22,male
1007,Joy,Eaton,MLT,22,female
1008,Steven,Davis,CYP,28,male
1009,Alisha,Allen,FIN,22,male
1010,Leslie,Fletcher,DNK,23,male
1011,Ashlee,Howell,PRT,24,male
1012,Jesse,Reed,HUN,24,male
1013,Sarah,Simpson,GRC,25,male
1014,Christine,Calhoun,BGR,28,male
1015,Craig,Olsen,LVA,27,male
1016,Kristine,Preston,PRT,24,male
1017,Adriana,Johnson,BEL,26,male
1018,Stephen,Young,IRL,28,male
1019,Annette,Bender,MLT,29,male
1020,Jared,Winters,LVA,26,male
1021,Amanda,Wolf,POL,26,male
1022,Joel,Kelly,PRT,26,male
1023,Christopher,Rice,DNK,22,male
1024,Jennifer,Smith,FRA,26,male
1025,Jeffrey,Nash,DEU,24,male
1026,Dawn,Lynch,LUX,25,male
1027,Rebecca,Smith,LVA,23,female
1028,Victor,Pennington,BEL,21,male
1029,William,Lang,IRL,27,female
1030,Brian,Lee,POL,29,female
1031,Samuel,Patton,FIN,29,male
1032,Keith,Schmitt,ITA,25,male
1033,Sandra,Sanchez,FIN,21,male
1034,Scott,Allen,HUN,24,male
1035,Michael,Oliver,ITA,28,male
1036,Kelly,Lane,DNK,23,male
1037,Mark,Lin,GRC,24,female
1038,Stephanie,Gonzalez,ROU,28,male
1039,Gregory,Holmes,BEL,22,female
1040,Deborah,Lane,AUT,25,male
1041,Suzanne,Long,BEL,25,male
1042,Ashley,Lozano,BGR,26,male
1043,Robert,Bowers,MLT,23,male
1044,Luke,Shelton,FRA,27,male
1045,John,Little,ROU,29,male
1046,Ashley,Bonilla,CZE,25,male
1047,William,Stevenson,ROU,27,male
1048,Amy,Pham,DNK,24,male
1049,Matthew,Holloway,FRA,22,male
1050,Kerri,Fowler,DNK,26,male
1051,Craig,Frazier,BEL,24,male
1052,Russell,Wallace,BEL,24,female
1053,Matthew,Taylor,POL,27,female
1054,Jay,Hunter,NLD,22,female
1055,Nathan,White,GRC,22,male
1056,April,Underwood,LTU,27,male
1057,Daniel,Griffin,MLT,28,male
1058,Ruth,Meadows,SWE,24,female
1059,Sherry,Webb,LTU,24,male
1060,Robert,Bailey,SWE,23,male
1061,Matthew,Mays,EST,29,male
1062,Emily,Gutierrez,BEL,21,male
1063,David,Leonard,HUN,21,male
1064,Christopher,Washington,CYP,21,male
1065,Kathy,Greene,AUT,23,male
1066,Judith,Hull,AUT,27,female
1067,James,Suarez,CZE,26,male
1068,Tamara,Taylor,LVA,24,male
1069,John,Torres,LTU,24,male
1070,Angela,Reed,HRV,23,male
1071,Joshua,Andersen,SVK,28,male
1072,Jacqueline,Morales,AUT,21,male
1073,Gerald,Rodriguez,CYP,27,male
1074,Jonathan,Ray,PRT,29,male
1075,Carol,Smith,LVA,22,female
1076,Micheal,Jackson,SWE,23,female
1077,John,Mendoza,FIN,23,male
1078,Robert,Mathis,ITA,25,male
1079,Taylor,Ingram,ROU,23,male
1080,Deanna,Long,LVA,28,male
1081,Michelle,Skinner,IRL,23,male
1082,Gerald,Matthews,SVK,27,female
1083,Ashley,Flores,HUN,25,female
1084,Wesley,Warren,BGR,26,male
1085,Bailey,Curtis,CYP,29,female
1086,Dennis,Peters,DNK,21,male
1087,Duane,Morrison,HRV,22,male
1088,Jonathan,Sparks,SVK,21,male
1089,Anthony,Hood,PRT,27,male
1090,Angela,Brock,ROU,24,male
1091,Kyle,Evans,CYP,25,female
1092,Karen,Tran,LUX,25,male
1093,Lisa,White,GRC,24,female
1094,Vanessa,Huffman,NLD,24,male
1095,Michael,Jacobson,FIN,25,male
1096,Daniel,Harvey,POL,29,male
1097,Anthony,Orr,IRL,29,male
1098,Victoria,Mueller,PRT,25,male
1099,Lynn,Patel,EST,27,female
1100,Ann,Phillips,SVN,26,female
1101,Faith,Wyatt,PRT,21,male
1102,Chad,Cruz,LTU,26,male
1103,Kelly,Lynn,AUT,21,male
1104,Jennifer,Young,BGR,27,male
1105,Jillian,Gilbert,IRL,24,male
1106,Michael,Gentry,BGR,29,male
1107,Gregory,Murray,ITA,23,male
1108,Nathaniel,Barton,IRL,27,male
1109,Robert,Martin,AUT,26,male
1110,Christine,Carter,FIN,21,male
1111,Brittany,Hill,AUT,29,male
1112,Elizabeth,Perez,ITA,22,male
1113,Tanya,Robles,LTU,21,female
1114,Brian,Williams,LUX,24,male
1115,Nicholas,Murray,NLD,23,female
1116,Jim,Holt,DNK,28,male
1117,Denise,Edwards,LVA,22,male
1118,Brenda,Evans,SVK,23,male
1119,Anthony,Cameron,DEU,24,male
1120,Shannon,Thompson,IRL,24,male
1121,Christine,Clay,DEU,27,male
1122,Briana,Clark,EST,29,female
1123,Andrea,Phillips,HRV,26,female
1124,Lawrence,Collins,HRV,25,male
1125,Juan,Nelson,ROU,25,male
1126,Chad,Douglas,EST,25,female
1127,Eric,Jensen,LVA,25,male
1128,Charles,Mcintosh,SVN,24,male
1129,Kimberly,Reed,BEL,23,male
1130,Jenna,Hall,SVN,28,male
1131,Lance,Peters,CZE,27,male
1132,Jeanne,Haynes,ITA,29,male
1133,Katie,Oliver,PRT,26,male
1134,Jessica,Reid,SWE,28,female
1135,Adam,Thomas,IRL,27,male
1136,Philip,Richardson,CYP,27,male
1137,Thomas,Rivas,IRL,27,male
1138,Ana,Sanders,MLT,25,male
1139,John,Nichols,SWE,25,female
1140,Kayla,Long,GRC,23,male
1141,Amy,Greene,LUX,24,male
1142,Megan,Miller,FIN,21,male
1143,Jason,Larson,LVA,21,male
1144,Cindy,Allen,LVA,25,male
1145,William,Matthews,SWE,27,male
1146,Erica,Miranda,BEL,22,male
1147,Blake,Davis,ESP,24,male
1148,Mary,Brown,EST,25,male
1149,Jason,Miller,MLT,21,female
1150,Linda,Peterson,POL,21,male
1151,David,Mendoza,SVK,26,female
1152,John,Wright,ROU,25,male
1153,Hannah,Allen,SWE,29,male
1154,Luke,Garner,IRL,24,male
1155,Katherine,Cruz,ITA,24,male
1156,Heather,Moore,AUT,26,male
1157,Peter,Ingram,MLT,29,male
1158,Rachel,Walls,BGR,22,female
1159,Cynthia,Smith,FRA,29,male
1160,Monica,Tate,SVK,22,male
1161,Eric,Johnson,AUT,28,male
1162,Andrew,Wright,LTU,25,male
1163,Amber,Dodson,BGR,27,female
1164,Kimberly,Smith,CYP,24,male
1165,Jessica,Sanchez,FRA,21,male
1166,Frank,Mendoza,SVK,27,male
1167,Michael,Wilson,LVA,23,male
1168,Samuel,Davis,ITA,29,male
1169,Bruce,Simmons,HUN,21,male
1170,Benjamin,Dickson,EST,24,male
1171,Courtney,Escobar,PRT,26,male
1172,Ashley,Andrews,ROU,21,male
1173,Christine,Ellison,ITA,28,male
1174,Robert,Burns,GRC,23,male
1175,Rebecca,Conway,MLT,25,male
1176,Daniel,Baker,ROU,23,male
1177,Alexa,Oliver,POL,24,male
1178,Brittany,Gonzalez,FRA,28,male
1179,Maria,Galvan,MLT,27,male
1180,Jeffrey,Thomas,FRA,22,female
1181,Gregory,Martin,FIN,28,male
1182,Whitney,Baker,DEU,27,male
1183,Anne,Schwartz,CZE,29,female
1184,Christopher,Downs,SVK,24,male
1185,Megan,Bryant,SVN,21,male
1186,Maurice,Taylor,BEL,24,male
1187,Amy,Hendricks,ROU,22,male
1188,Nicole,Peterson,ESP,21,male
1189,Haley,Velazquez,SWE,25,male
1190,Amanda,Tucker,MLT,27,female
1191,Michael,Hanson,SVN,26,male
1192,Kristi,Poole,POL,22,male
1193,Darrell,Hamilton,FIN,21,male
1194,Frederick,Jones,SVK,29,female
1195,Evelyn,Barr,ROU,29,male
1196,Allison,Myers,ROU,24,male
1197,Valerie,Salinas,ESP,22,male
1198,Ronald,Evans,GRC,28,male
1199,Ian,York,SVK,28,male
1200,Samantha,Henson,SVK,24,male
1201,Tristan,Frye,DEU,29,male
1202,Jennifer,Jones,CYP,26,male
1203,Adam,Barnes,SWE,25,male
1204,David,Alexander,CZE,25,female
1205,Shannon,Waters,MLT,22,male
1206,Julie,Goodman,CZE,21,male
1207,Jason,Garcia,CZE,29,male
1208,Jessica,Huang,HUN,26,male
1209,Courtney,Lewis,ESP,29,male
1210,James,Anderson,LTU,25,male
1211,Carol,Hendricks,EST,23,female
1212,Thomas,Scott,DNK,29,male
1213,Nathan,Galloway,HRV,25,male
1214,Leslie,Palmer,NLD,29,male
1215,Emily,Rivera,SVN,25,male
1216,James,Henderson,ROU,21,male
1217,Amber,Jones,FRA,29,male
1218,Lori,Martin,FRA,28,male
1219,Michelle,Peterson,CZE,27,female
1220,Megan,Douglas,FIN,22,male
1221,Lisa,Frazier,NLD,26,female
1222,Eric,Gomez,FIN,26,female
1223,Austin,Liu,SWE,23,male
1224,Johnny,Jenkins,HUN,27,female
1225,David,Moore,CYP,25,female
1226,Alexis,Clark,EST,24,male
1227,Nicholas,Wood,FIN,29,male
1228,Patricia,Cruz,EST,27,male
1229,Stephanie,Stevens,SVN,23,male
1230,Lori,Taylor,ITA,29,female
1231,Wesley,Baker,CYP,29,male
1232,Mark,Moreno,CYP,22,male
1233,Troy,Taylor,GRC,26,female
1234,Jason,Sharp,IRL,27,female
1235,Zachary,Terry,ROU,28,female
1236,Ryan,Cook,EST,24,female
1237,Victoria,Armstrong,ROU,29,male
1238,Kevin,Wilson,FIN,28,male
1239,Jessica,Hart,ROU,26,female
1240,Jamie,Stevens,FIN,28,male
1241,Carolyn,Mcgrath,ROU,28,male
1242,Christopher,Leon,MLT,25,male
1243,Richard,Deleon,LUX,25,female
1244,Kim,Baldwin,DNK,22,male
1245,Cole,Davis,HUN,22,female
1246,Michelle,Henry,IRL,29,female
1247,Timothy,Moore,LUX,29,male
1248,Darius,Torres,BEL,27,male
1249,Todd,Reyes,HUN,29,female
1250,Natalie,Smith,DNK,28,male
1251,Jonathan,Mora,HUN,21,female
1252,Christina,Boyd,POL,22,female
1253,Laurie,Lin,CYP,27,male
1254,Angela,Avery,CZE,22,female
1255,Dennis,Barnes,GRC,21,male
1256,Amanda,Jones,BEL,25,male
1257,Sarah,Pittman,SVN,29,male
1258,James,Black,MLT,29,female
1259,Brian,Pope,CYP,25,male
1260,Megan,Peck,LVA,26,male
1261,Michele,Byrd,DEU,29,male
1262,Juan,Austin,MLT,27,male
1263,Justin,Wilson,BGR,27,male
1264,Claudia,Morris,FRA,25,male
1265,Karen,Crawford,HRV,27,female
1266,Jeffery,Scott,ROU,26,male
1267,Tony,Scott,CYP,28,male
1268,Samantha,Roy,CZE,29,female
1269,Chase,Best,EST,23,male
1270,Dawn,Price,NLD,24,female
1271,Sonia,Anderson,DNK,22,male
1272,Rebecca,Brown,POL,27,female
1273,Paula,Hayden,ITA,26,male
1274,Scott,Coleman,ROU,27,male
1275,Mark,Hernandez,CZE,27,male
1276,Ronald,Higgins,BEL,27,female
1277,Edward,Davenport,IRL,26,male
1278,John,Osborn,ITA,26,male
1279,Becky,Smith,SVK,21,male
1280,Steven,Russell,AUT,28,male
1281,Wesley,Brown,ROU,21,female
1282,Michelle,Crawford,FIN,28,male
1283,Jeffery,Mack,NLD,21,male
1284,James,Shepherd,EST,27,female
1285,Danielle,Brown,FRA,27,male
1286,Janice,Lewis,DEU,28,male
1287,Lawrence,Gamble,LVA,21,male
1288,Elizabeth,Lang,ROU,22,female
1289,Douglas,Thomas,FIN,22,male
1290,Mary,Lewis,POL,28,female
1291,Andrea,Bishop,EST,21,male
1292,Andre,Thomas,IRL,27,male
1293,Dennis,Holloway,BGR,28,male
1294,Melissa,Keller,EST,22,male
1295,Nicholas,Brown,CZE,26,male
1296,Shawn,Padilla,CYP,24,male
1297,Raymond,Collins,POL,29,male
1298,Vicki,Wright,SVK,25,male
1299,Raymond,Ballard,FRA,26,female
1300,Brian,Massey,CZE,25,male
1301,Antonio,Martinez,FIN,23,male
1302,Darryl,Green,ITA,25,male
1303,William,Schmidt,ROU,27,female
1304,Carmen,Collins,AUT,28,male
1305,Rhonda,Cherry,BEL,22,male
1306,Eric,Diaz,FIN,21,male
1307,Brenda,Gonzales,CYP,23,male
1308,Janet,Solis,LUX,28,male
1309,Robert,Nelson,GRC,29,male
1310,Lisa,Vazquez,PRT,29,male
1311,Patricia,Kramer,ITA,24,male
1312,Randy,Mccarthy,BGR,26,male
1313,Jenna,Martinez,BGR,26,male
1314,Kenneth,Hart,LUX,24,female
1315,Laura,Wilson,GRC,26,male
1316,Jose,Calderon,EST,28,male
1317,Cheryl,Kim,ITA,22,female
1318,Julie,Ruiz,DNK,22,male
1319,David,Adams,FRA,28,male
1320,Diana,Schmidt,FIN,28,female
1321,Brooke,Lee,LVA,25,male
1322,Michael,Jacobs,SVK,26,male
1323,Jennifer,Morgan,EST,21,male
1324,Michael,Ross,DEU,29,male
1325,Gabriel,Brown,CYP,27,female
1326,Linda,Vance,HUN,23,female
1327,Jennifer,Ward,CYP,25,female
1328,Nicholas,Payne,SWE,26,male
1329,Ronald,Velazquez,DEU,29,female
1330,Penny,Silva,BGR,26,male
1331,Alejandra,Stewart,SVN,21,male
1332,Walter,Quinn,NLD,29,male
1333,Amanda,Duncan,AUT,24,male
1334,Sabrina,Murray,AUT,28,female
1335,Tiffany,Morgan,CZE,27,male
1336,Stephen,Jenkins,ITA,27,female
1337,Michael,Castaneda,BEL,25,male
1338,Lori,Sparks,POL,22,male
1339,Michael,Lopez,BEL,28,female
1340,Kurt,White,FIN,24,male
1341,Tyler,Gomez,SVK,23,male
1342,Norma,Franklin,MLT,23,male
1343,Jennifer,Brown,ROU,21,female
1344,Joseph,Pope,LTU,21,male
1345,Dana,Hill,POL,23,female
1346,Chris,Oconnor,ROU,25,male
1347,John,Wolfe,POL,28,male
1348,Michele,Michael,SVN,25,male
1349,Brandy,White,FRA,23,male
1350,Jason,Perez,DNK,29,male
1351,Michael,Sanchez,ITA,22,male
1352,Kara,Perez,LVA,25,male
1353,Kathleen,Castillo,PRT,23,male
1354,Heather,Ford,ITA,26,male
1355,Ann,Stevens,PRT,23,male
1356,Marcus,Curtis,EST,21,male
1357,Dana,Mills,ROU,25,male
1358,Patrick,Price,FIN,29,female
1359,Chad,Knapp,DEU,26,male
1360,Jeremy,Taylor,ESP,27,male
1361,Gregory,Brown,CZE,21,male
1362,Vincent,Young,FIN,26,male
1363,Rebekah,Ramirez,BGR,27,male
1364,Shannon,Bright,BEL,29,male
1365,Jeffrey,Marquez,LVA,26,male
1366,Shawn,Mora,ROU,29,male
1367,Zachary,Perry,LUX,25,male
1368,Michael,Callahan,DEU,24,male
1369,Robert,Alvarez,NLD,21,male
1370,Tina,Campbell,NLD,24,female
1371,James,Clark,NLD,28,male
1372,Anthony,Walker,LVA,28,female
1373,Dakota,Johnson,BGR,29,female
1374,Mary,Bentley,ESP,28,male
1375,Gregory,Ross,BGR,29,male
1376,Aaron,Hernandez,FIN,24,female
1377,Kristine,Buck,SVN,25,male
1378,Austin,Thompson,SVK,25,male
1379,Brian,Koch,HUN,28,male
1380,Kevin,Armstrong,CZE,27,female
1381,Christine,Vazquez,IRL,28,male
1382,Stacie,Weber,FIN,26,male
1383,Anthony,Kramer,ITA,24,male
1384,Jillian,Hatfield,DNK,21,male
1385,John,Butler,IRL,29,female
1386,Matthew,Munoz,SWE,24,female
1387,Karen,Taylor,LTU,26,male
1388,John,Sweeney,SVK,22,male
1389,Jo,Herrera,CZE,28,female
1390,Roberto,Roberts,BGR,25,male
1391,Jessica,Carter,PRT,27,female
1392,Robert,Johnson,HRV,25,male
1393,Karen,Gibson,ITA,24,male
1394,Sharon,Ruiz,CYP,27,male
1395,Emily,Gonzalez,BEL,26,male
1396,Linda,Anderson,DNK,26,male
1397,Michael,Gillespie,ROU,29,male
1398,Patrick,Moore,PRT,27,male
1399,Corey,Perry,GRC,28,female
1400,Emily,Johnson,SWE,28,male
1401,Michael,Franco,HUN,21,male
1402,Zachary,Brown,ITA,29,male
1403,Crystal,Cardenas,LVA,25,male
1404,Lynn,Foley,PRT,27,male
1405,Christopher,Wagner,SVN,27,male
1406,Kaylee,Brown,ESP,22,male
1407,Walter,Bell,ITA,25,male
1408,Misty,Hobbs,DEU,25,male
1409,Robert,Schaefer,CZE,25,male
1410,Francisco,Russell,BEL,24,male
1411,Bobby,Gardner,HUN,26,male
1412,Nicole,Downs,ITA,27,male
1413,Carolyn,Grant,LUX,27,male
1414,Chris,Long,ROU,27,male
1415,Melanie,Knapp,FIN,28,male
1416,Caroline,Ford,GRC,29,female
1417,Lindsey,Hensley,POL,21,female
1418,Robert,Lopez,EST,21,male
1419,Ashley,Rowe,CYP,27,male
1420,Steven,Lynch,FIN,21,female
1421,John,Carpenter,GRC,28,male
1422,Nicole,Cooper,MLT,24,male
1423,Robert,Ortiz,AUT,23,male
1424,John,Weaver,POL,27,male
1425,Kristen,Hayden,FRA,29,female
1426,Sylvia,Sherman,LTU,25,male
1427,Lindsey,Williams,DEU,23,male
1428,Michael,Reid,HRV,29,male
1429,Gabriel,Wallace,AUT,28,female
1430,Jeremy,Davis,MLT,21,male
1431,Gregory,Howell,HUN,21,female
1432,Stephanie,Huffman,LUX,22,male
1433,Doris,Anderson,POL,21,male
1434,Shannon,Contreras,SVN,29,female
1435,Nicole,Graves,CZE,28,male
1436,Walter,Ray,POL,25,male
1437,Brandon,Robinson,CYP,23,female
1438,Laurie,Tran,CZE,24,female
1439,Cynthia,Miller,FRA,27,male
1440,Christopher,Rojas,ESP,23,male
1441,Amy,Thomas,FRA,24,female
1442,Kimberly,Townsend,HRV,21,male
1443,Micheal,Michael,NLD,23,male
1444,Kevin,Oconnor,EST,22,male
1445,Anna,Kelly,ROU,28,female
1446,Logan,Martinez,LTU,23,male
1447,Jennifer,Marshall,HRV,24,female
1448,Timothy,Hayes,LVA,22,male
1449,Jennifer,Cruz,EST,23,male
1450,Timothy,Bennett,EST,22,male
1451,Jennifer,Johnston,FRA,23,male
1452,Virginia,Rodriguez,SVK,25,male
1453,Eric,Stephenson,IRL,25,male
1454,Gerald,Castro,ITA,23,female
1455,John,Williams,SVK,22,female
1456,Cathy,Lopez,SVN,27,female
1457,Michael,Choi,EST,29,male
1458,Sara,Shelton,FIN,22,male
1459,Sherri,Jordan,DEU,27,male
1460,Jennifer,Harvey,AUT,24,male
1461,Phillip,Jennings,DNK,21,male
1462,Eric,Sampson,BGR,25,male
1463,Ashley,Tapia,BGR,24,male
1464,Shawn,Cooper,HUN,23,male
1465,Bryan,Carpenter,HRV,27,male
1466,Patrick,Nelson,EST,29,male
1467,Lauren,Williams,CYP,21,female
1468,Ashley,Smith,BEL,29,female
1469,Joseph,Johnson,LUX,29,male
1470,Kyle,Moody,GRC,21,male
1471,Faith,Rodriguez,PRT,23,male
1472,Daniel,Mcmillan,FIN,27,male
1473,Levi,Green,MLT,26,female
1474,Veronica,Wilson,EST,22,male
1475,Megan,Long,BGR,24,male
1476,Kathleen,Simmons,LTU,21,female
1477,Joan,Frazier,CYP,27,male
1478,Joseph,Perez,FIN,24,male
1479,Amanda,Simmons,ROU,28,female
1480,Kylie,Lambert,ROU,26,male
1481,Kevin,Palmer,SVK,26,male
1482,Caleb,West,ROU,21,male
1483,Ashley,Ross,AUT,27,male
1484,Susan,Rangel,EST,28,male
1485,Lauren,Lewis,SVK,26,male
1486,Thomas,Holmes,IRL,25,male
1487,Veronica,Velasquez,SVK,29,male
1488,Megan,Schneider,SVK,28,male
1489,Kelly,Martinez,PRT,27,male
1490,Rhonda,Johnson,IRL,28,male
1491,Kelly,Klein,CZE,24,male
1492,Matthew,Anderson,DNK,22,male
1493,Jerry,Hernandez,ITA,24,male
1494,Mario,Wilson,BGR,21,male
1495,Darlene,Moore,SVN,26,male
1496,Roger,Evans,LTU,28,male
1497,Maria,Williams,SVN,22,female
1498,Debra,Dean,POL,21,male
1499,Peter,Sanders,MLT,29,male
1500,Jacob,Evans,EST,23,male
1501,Melvin,Carter,CZE,21,male
1502,Anna,Townsend,ITA,23,female
1503,Alexis,Ramos,DEU,24,male
1504,Vanessa,Foster,ITA,26,male
1505,Marvin,Allen,EST,22,male
1506,Diane,Anderson,NLD,28,male
1507,Edward,Murphy,DEU,27,male
1508,Katrina,Ramsey,PRT,21,male
1509,Donald,Martin,DEU,29,male
1510,Kristy,Clark,HUN,21,male
1511,Jason,Atkinson,PRT,22,male
1512,Glenn,Smith,DNK,23,male
1513,Amber,Glenn,FIN,27,male
1514,Catherine,Stuart,SVN,28,male
1515,Anthony,Love,FIN,21,male
1516,Thomas,Morris,CZE,25,male
1517,Nathaniel,Woodward,NLD,22,male
1518,Tammy,Hunter,SWE,26,male
1519,Emily,Patel,DEU,21,female
1520,Rachel,Williams,FRA,27,male
1521,Katherine,Burton,CZE,24,male
1522,Steven,Rodriguez,CYP,26,male
1523,Monique,Ramirez,CZE,29,female
1524,Tammy,Powers,POL,24,male
1525,Jennifer,Thompson,AUT,23,female
1526,William,Espinoza,FIN,29,male
1527,Tina,Nolan,LVA,25,male
1528,Peter,Johnson,LTU,28,male
1529,Sierra,Rice,AUT,29,female
1530,Rick,Dennis,CYP,21,male
1531,Tony,Thomas,POL,21,female
1532,Janice,Garcia,ESP,21,male
1533,Angelica,Ewing,CZE,26,male
1534,Melissa,Meyers,HUN,26,male
1535,Kirk,Murphy,DNK,24,male
1536,Thomas,Miller,GRC,21,male
1537,Destiny,Mcgrath,ROU,25,male
1538,Amanda,Sanchez,ITA,25,male
1539,Derrick,Hernandez,BEL,27,male
1540,Erica,White,POL,22,female
1541,Hector,Fernandez,EST,27,male
1542,Elizabeth,Bennett,SVK,28,female
1543,Stanley,Barrett,BGR,29,male
1544,Monique,Lee,BEL,21,male
1545,Karla,Lee,SVN,28,male
1546,Benjamin,Lewis,ITA,23,male
1547,Shannon,Lewis,MLT,21,male
1548,Angela,Moore,AUT,24,male
1549,Chelsea,Williams,BGR,22,female
1550,Kara,Marshall,HUN,25,male
1551,Kathy,Moran,CYP,26,male
1552,Gary,Freeman,CZE,29,male
1553,Sharon,Mills,BEL,21,female
1554,Ronald,Graham,NLD,21,female
1555,Amy,Bell,LTU,25,female
1556,Dawn,Brown,LTU,23,female
1557,Katherine,Carroll,MLT,27,male
1558,Karla,Williams,LVA,21,male
1559,Anthony,Oneal,DNK,27,male
1560,Jeremy,Donovan,EST,28,male
1561,Jennifer,Davis,HUN,27,male
1562,Tracy,Saunders,POL,25,male
1563,Andrew,Stevens,BGR,25,male
1564,Megan,King,ROU,24,male
1565,Joanne,Woodard,DEU,26,female
1566,Carol,Warren,BEL,23,male
1567,Ashley,Wise,FRA,27,female
1568,Cassandra,Montgomery,BGR,25,male
1569,Wesley,Reyes,ESP,28,male
1570,Michelle,Wright,LUX,21,female
1571,Michael,Scott,LUX,29,male
1572,Lauren,Fritz,IRL,25,male
1573,Jacqueline,Hall,SVN,28,male
1574,Tammy,Walsh,CYP,22,male
1575,Nicole,Clark,BGR,28,male
1576,Gina,Shannon,HUN,28,male
1577,Teresa,Dean,POL,27,male
1578,Brent,Stewart,PRT,22,male
1579,Steven,Mathis,HRV,23,male
1580,Michael,Lopez,SVK,28,male
1581,Justin,Cox,GRC,29,male
1582,Daniel,Campbell,HUN,24,male
1583,James,Davis,PRT,28,male
1584,Rhonda,Martinez,GRC,27,female
1585,Jennifer,Hansen,POL,22,male
1586,Kenneth,Kemp,SVN,24,male
1587,Tyler,Ashley,PRT,28,male
1588,Derek,Clarke,BGR,28,male
1589,Aaron,Robinson,PRT,22,male
1590,Michael,Carrillo,CYP,23,male
1591,Gregory,Taylor,SVK,29,female
1592,Jennifer,White,AUT,23,female
1593,James,Wyatt,FIN,26,male
1594,Amanda,Hunt,FIN,29,male
1595,James,Shepard,ITA,29,female
1596,Jason,Lopez,GRC,25,male
1597,Gregory,Padilla,LTU,21,female
1598,Eric,Morgan,MLT,21,male
1599,Laura,Ritter,LUX,21,female
1600,Philip,Simon,HRV,25,male
1601,Justin,Bartlett,BEL,23,male
1602,Jessica,Lopez,ITA,22,male
1603,Kelsey,Copeland,SWE,21,male
1604,Joyce,Walker,ESP,25,male
1605,Cory,Wallace,HUN,21,male
1606,William,James,GRC,22,male
1607,Cynthia,Le,DNK,27,female
1608,Shannon,Mcbride,EST,21,male
1609,Erik,Chambers,MLT,25,male
1610,Emily,Horn,ROU,28,female
1611,Robert,Sanders,DEU,21,female
1612,Ruben,Stephenson,CYP,21,female
1613,Eric,Fritz,NLD,23,female
1614,Chad,Love,HUN,24,male
1615,Jason,Day,BEL,22,male
1616,Charles,Cuevas,BEL,23,male
1617,Steven,Ryan,ITA,21,male
1618,Meghan,Lam,EST,23,male
1619,Jessica,Cherry,LUX,25,male
1620,Caroline,Rowland,DEU,26,male
1621,Jennifer,Smith,BGR,24,female
1622,Vanessa,Olson,DNK,28,male
1623,Tammy,Tapia,BEL,22,male
1624,William,Campos,GRC,23,male
1625,Kenneth,Rangel,POL,26,male
1626,Frank,Simmons,ITA,25,male
1627,Alexandra,Obrien,DEU,27,male
1628,Robert,Murphy,ITA,26,female
1629,George,Black,DNK,29,male
1630,Mark,Perez,LVA,24,male
1631,Barbara,Castro,BGR,22,male
1632,Megan,Sosa,FRA,26,female
1633,Susan,Olson,SWE,26,male
1634,Rebecca,Gonzalez,HUN,27,male
1635,Mark,Smith,LVA,22,male
1636,Ryan,Anderson,MLT,28,male
1637,Ryan,Flores,FIN,25,male
1638,Barbara,Anderson,SVK,21,male
1639,Sarah,Martinez,BEL,27,male
1640,Kevin,Clark,BGR,27,male
1641,Allison,Moore,ITA,28,female
1642,Jimmy,Moore,DEU,21,male
1643,Timothy,Barker,HUN,28,male
1644,Angela,Vazquez,EST,27,male
1645,Joyce,Mcguire,CZE,26,male
1646,Kristopher,Fitzgerald,DEU,26,male
1647,Mary,Braun,FRA,23,male
1648,Lucas,White,CYP,21,male
1649,Eric,Dennis,PRT,22,male
1650,Angela,Johnson,MLT,23,female
1651,Paul,Johnston,FRA,21,female
1652,Rachel,Paul,LUX,21,female
1653,Stephanie,Johnson,BEL,25,female
1654,Lucas,Thomas,LTU,26,male
1655,Justin,Morrison,DEU,23,male
1656,Christopher,Thompson,SWE,24,male
1657,Audrey,Walters,CYP,23,male
1658,Jessica,Wright,ROU,27,female
1659,Richard,Mcbride,SVK,24,male
1660,Dana,Burnett,DNK,29,male
1661,Jasmine,Russell,EST,28,female
1662,Jennifer,Yu,SVN,29,male
1663,Jessica,Brown,CZE,26,male
1664,Anthony,Williams,EST,26,female
1665,Calvin,Arnold,ITA,22,male
1666,Teresa,Brown,ESP,29,male
1667,Justin,Smith,POL,29,male
1668,Sierra,Torres,AUT,27,male
1669,Scott,Jones,SVN,26,male
1670,Sean,Cox,EST,24,male
1671,Michael,White,SWE,28,male
1672,Christopher,Scott,LUX,21,male
1673,Joshua,Wilson,DNK,25,male
1674,Troy,Lutz,GRC,26,male
1675,David,Carr,LTU,26,male
1676,John,Waller,GRC,29,male
1677,Amy,Moore,HRV,24,male
1678,Douglas,Jenkins,IRL,23,female
1679,Gail,Rivera,DNK,24,male
1680,Diane,Myers,CZE,28,male
1681,Adrian,Barrett,HUN,25,male
1682,Joseph,Warren,LUX,22,male
1683,Anna,Church,SVK,21,male
1684,Sara,Henderson,BEL,26,male
1685,Linda,Hall,DEU,24,male
1686,Monica,Hall,BEL,29,male
1687,Pamela,Johnson,CZE,27,male
1688,Brad,Jefferson,ITA,25,male
1689,Ronald,Hall,LUX,23,female
1690,Nicole,Ware,MLT,29,male
1691,Matthew,Knight,ESP,22,male
1692,Stephanie,Gray,MLT,26,female
1693,Thomas,Gill,ESP,24,male
1694,Alexandra,Lee,GRC,26,male
1695,Elizabeth,Montgomery,LTU,25,male
1696,Nathan,Wade,FIN,22,female
1697,Brianna,Glenn,POL,22,male
1698,James,Vasquez,HRV,24,male
1699,Teresa,Klein,LVA,27,male
1700,Sarah,Lloyd,GRC,23,male
1701,Daniel,Perkins,LVA,25,male
1702,Rebecca,Parker,ESP,28,male
1703,Chase,Lee,POL,26,female
1704,Samantha,Mcknight,BEL,21,male
1705,Jamie,Bailey,LTU,25,male
1706,Barbara,Kennedy,SVN,28,female
1707,Anthony,Vincent,LUX,24,male
1708,Janice,Williams,BEL,26,male
1709,Phillip,Wheeler,LTU,22,male
1710,Robin,West,ROU,29,male
1711,Elizabeth,West,HRV,21,male
1712,Natalie,Ward,HRV,28,male
1713,Diana,Villegas,DEU,27,male
1714,Anthony,Glover,ESP,25,female
1715,Timothy,Taylor,ESP,21,male
1716,William,Blake,EST,27,male
1717,Denise,Hayes,AUT,26,female
1718,Debbie,Flowers,LVA,27,male
1719,David,Vargas,CZE,24,male
1720,Jessica,Nicholson,PRT,23,female
1721,Lori,Shaffer,ESP,26,male
1722,Anthony,Ware,POL,28,male
1723,Vincent,Charles,CZE,22,male
1724,Edward,Walker,LVA,25,male
1725,Claudia,Forbes,BGR,22,male
1726,Neil,Martin,NLD,25,male
1727,Paul,Davis,ESP,26,male
1728,Rebecca,Thornton,AUT,23,male
1729,James,Perez,ITA,22,male
1730,Mary,Martinez,LVA,25,male
1731,Stephanie,Grant,LTU,23,male
1732,Darryl,Foster,IRL,21,male
1733,Jacqueline,Hamilton,AUT,23,male
1734,David,Wilson,ITA,23,female
1735,Tara,Jones,SWE,24,male
1736,Patrick,Larson,FIN,24,female
1737,Jason,Jones,LTU,21,male
1738,Erik,Johnson,FIN,24,male
1739,Tina,Garner,BEL,29,male
1740,Keith,Mcfarland,BGR,23,male
1741,Alan,Wilson,HUN,24,female
1742,Victoria,Mayer,HUN,23,female
1743,James,Austin,EST,22,male
1744,Juan,Davis,ROU,27,male
1745,Jacob,Nguyen,ITA,22,male
1746,Diana,Jones,IRL,23,male
1747,Whitney,Ayala,LVA,22,male
1748,George,Mcneil,SVK,24,male
1749,Elizabeth,Harrison,LTU,29,male
1750,Whitney,Garcia,AUT,24,male
1751,Amber,Hale,GRC,27,male
1752,Sarah,Greene,LTU,22,male
1753,Wendy,Sutton,DEU,23,male
1754,Travis,Davis,DNK,24,male
1755,Gregory,Bond,DEU,26,male
1756,Scott,Lopez,PRT,24,male
1757,Whitney,Hayes,CYP,26,female
1758,Cassidy,Diaz,BGR,26,male
1759,Lindsey,Hunt,IRL,21,male
1760,Dana,Hodges,HUN,28,male
1761,Mark,Silva,ITA,27,male
1762,Richard,Velez,EST,23,female
1763,Alexandra,Oconnell,EST,27,female
1764,Kelly,Miller,BEL,22,male
1765,Jason,Mendoza,EST,22,male
1766,Ann,Carpenter,ESP,21,male
1767,Cheryl,Sharp,CZE,21,male
1768,Yvette,Vargas,FRA,26,male
1769,Peter,Robles,LUX,25,male
1770,Katrina,Brooks,PRT,28,male
1771,Ryan,Graham,MLT,29,male
1772,Bradley,Page,FIN,23,male
1773,Kelli,Woods,HUN,28,male
1774,Victoria,Patel,ITA,29,male
1775,Kelly,Munoz,SWE,27,male
1776,Bryce,Barrett,CZE,26,male
1777,Jessica,Wade,SWE,22,male
1778,Todd,Davis,PRT,21,male
1779,Emma,Alvarez,EST,24,male
1780,Madison,Wright,ITA,24,male
1781,Sonya,Brown,CYP,25,female
1782,Dana,Lewis,ITA,24,male
1783,Emily,Ortiz,DEU,23,male
1784,Jeremy,Diaz,LVA,28,female
1785,Alexandra,Aguilar,DEU,22,male
1786,Nicholas,Andrews,MLT,27,male
1787,Melissa,Smith,GRC,26,male
1788,Kara,Hansen,LUX,24,male
1789,Krista,Green,DEU,26,male
1790,Katherine,Cook,BGR,27,male
1791,Jay,Young,ROU,29,male
1792,Cindy,Clark,LTU,25,male
1793,Alexis,Torres,ROU,29,male
1794,Anna,Fitzgerald,POL,22,male
1795,James,Richards,SWE,24,male
1796,Jane,Jackson,SWE,29,female
1797,Alicia,Jenkins,GRC,26,male
1798,Alexander,Trevino,DNK,23,female
1799,Jennifer,Powers,POL,25,male
1800,Eric,Murphy,LUX,24,female
1801,Renee,Green,BEL,25,male
1802,Zachary,Brown,SVN,21,female
1803,Priscilla,Ward,SWE,23,male
1804,Jeffery,Torres,EST,25,male
1805,Natalie,Wagner,FRA,25,male
1806,Ernest,Meyer,IRL,23,male
1807,Samuel,Brown,DNK,24,male
1808,Erika,Hunt,NLD,28,male
1809,John,Jefferson,SVN,28,female
1810,Michael,Baker,ESP,25,male
1811,Patricia,Johnson,FIN,29,male
1812,Patricia,Vargas,ROU,29,female
1813,James,Smith,POL,22,male
1814,Cheryl,Wilson,SWE,21,male
1815,Jessica,Lane,GRC,29,male
1816,Samantha,Robinson,IRL,27,female
1817,Alexandra,Hayes,LTU,24,male
1818,Lisa,Mason,FRA,29,male
1819,April,Mason,CYP,22,male
1820,Lisa,Knapp,PRT,21,male
1821,Jeffrey,Collins,ROU,27,male
1822,Carol,Fernandez,POL,26,male
1823,Charlene,Case,FRA,27,male
1824,Nicole,Fleming,LTU,24,male
1825,Rebecca,Robles,SVN,22,male
1826,Marissa,Mckay,ROU,22,male
1827,Brent,Miller,IRL,21,male
1828,Brittany,Nichols,BEL,26,male
1829,Kenneth,Reynolds,BGR,22,male
1830,Pam,Payne,CYP,28,male
1831,Kelsey,Norton,DEU,24,male
1832,April,Sutton,LVA,21,male
1833,Kevin,Fernandez,GRC,26,male
1834,Chris,Donaldson,SWE,21,female
1835,Julie,Long,SVN,28,male
1836,Thomas,Robles,CYP,28,male
1837,Ryan,Ho,MLT,27,female
1838,Hannah,Flores,CYP,23,male
1839,Rebecca,Morris,DEU,27,male
1840,Jeremiah,Welch,BEL,29,male
1841,Kevin,Wood,LVA,27,male
1842,Robert,Black,HRV,29,male
1843,Jessica,Drake,SWE,28,male
1844,Amanda,Roberts,HUN,21,male
1845,Jonathan,Cooper,FRA,26,male
1846,Thomas,Williams,CYP,29,male
1847,Gregory,Espinoza,EST,27,male
1848,Jeffery,Thomas,LVA,22,female
1849,Diane,Larson,SVK,27,male
1850,Christie,Meyer,ESP,22,male
1851,Ashley,Smith,IRL,21,male
1852,Marcus,Peterson,CZE,21,male
1853,Manuel,Lewis,HRV,23,male
1854,Kim,Butler,HUN,24,female
1855,Hannah,Murphy,SWE,28,male
1856,Michael,Lane,PRT,22,male
1857,Christina,Shaw,BEL,27,female
1858,Emily,Tucker,HUN,29,male
1859,Kelly,Reed,HRV,25,male
1860,Elizabeth,Pierce,AUT,22,male
1861,Ian,Hinton,EST,28,male
1862,Crystal,Taylor,FIN,29,female
1863,Judith,Wilson,HUN,28,female
1864,Anthony,House,ESP,29,male
1865,Jason,Reed,HRV,22,male
1866,Aaron,Lopez,BGR,29,male
1867,Steve,Taylor,POL,29,male
1868,Henry,Stevenson,CZE,29,male
1869,Stacey,Merritt,POL,27,female
1870,James,Jackson,MLT,26,male
1871,Charles,Perez,SWE,22,male
1872,Charles,Ward,EST,28,male
1873,Isaac,Campbell,ITA,21,male
1874,Heidi,Torres,AUT,23,female
1875,Kimberly,Combs,DNK,23,male
1876,Brett,Ellis,BEL,21,male
1877,Anna,Silva,ITA,24,male
1878,Michael,Jacobs,EST,26,female
1879,Jasmine,Duarte,BEL,22,female
1880,Sheila,Wright,POL,27,male
1881,Frank,Hill,LVA,22,male
1882,Allison,Anderson,GRC,27,male
